{
  "accuracy": 0.3416370106761566,
  "f1_macro": 0.26193253559773955,
  "kappa": 0.12004671868916839,
  "fold": 3,
  "test_subject": "A03T"
}