{
  "accuracy": 0.2357142857142857,
  "f1_macro": 0.20970101885496134,
  "kappa": -0.01688587187102253,
  "fold": 2,
  "test_subject": "A02T"
}