{
  "accuracy": 0.29285714285714287,
  "f1_macro": 0.24387440238427813,
  "kappa": 0.05733523770659055,
  "fold": 2,
  "test_subject": "A02T"
}