{
  "accuracy": 0.44642857142857145,
  "f1_macro": 0.44120493024671503,
  "kappa": 0.2614525900211013,
  "fold": 1,
  "test_subject": "A01T"
}