{
  "accuracy": 0.29844961240310075,
  "f1_macro": 0.2925490315701362,
  "kappa": 0.06373679250957365,
  "fold": 9,
  "test_subject": "A09T"
}