{
  "accuracy": 0.3906810035842294,
  "f1_macro": 0.3624238196607097,
  "kappa": 0.18859273959010503,
  "fold": 7,
  "test_subject": "A07T"
}