{
  "accuracy": 0.2826086956521739,
  "f1_macro": 0.21971971941336335,
  "kappa": 0.042690724358412924,
  "fold": 4,
  "test_subject": "A04T"
}