{
  "accuracy": 0.28185328185328185,
  "f1_macro": 0.26506920629591435,
  "kappa": 0.042133100033801774,
  "fold": 6,
  "test_subject": "A06T"
}