{
  "accuracy": 0.4316546762589928,
  "f1_macro": 0.429170007306081,
  "kappa": 0.2427549349194036,
  "fold": 8,
  "test_subject": "A08T"
}