{
  "accuracy": 0.35144927536231885,
  "f1_macro": 0.34860300044782805,
  "kappa": 0.13588582022982876,
  "fold": 4,
  "test_subject": "A04T"
}