{
  "accuracy": 0.2888086642599278,
  "f1_macro": 0.1969882571597533,
  "kappa": 0.05490223245986248,
  "fold": 5,
  "test_subject": "A05T"
}