{
  "accuracy": 0.313953488372093,
  "f1_macro": 0.3122268230963883,
  "kappa": 0.08633280646645725,
  "fold": 9,
  "test_subject": "A09T"
}