{
  "accuracy": 0.2996389891696751,
  "f1_macro": 0.20230488509900274,
  "kappa": 0.06952019808494792,
  "fold": 5,
  "test_subject": "A05T"
}