{
  "accuracy": 0.28957528957528955,
  "f1_macro": 0.2718660151356884,
  "kappa": 0.04993919578955763,
  "fold": 6,
  "test_subject": "A06T"
}