{
  "accuracy": 0.3914590747330961,
  "f1_macro": 0.3840206852135584,
  "kappa": 0.18775144528212584,
  "fold": 3,
  "test_subject": "A03T"
}