{
  "accuracy": 0.25868725868725867,
  "f1_macro": 0.2309622831721565,
  "kappa": 0.010427445673804048,
  "fold": 6,
  "test_subject": "A06T"
}