{
  "accuracy": 0.40714285714285714,
  "f1_macro": 0.38528299031477,
  "kappa": 0.20952380952380956,
  "fold": 1,
  "test_subject": "A01T"
}