{
  "accuracy": 0.34532374100719426,
  "f1_macro": 0.3338773749665479,
  "kappa": 0.12770029136423977,
  "fold": 8,
  "test_subject": "A08T"
}