{
  "accuracy": 0.4306049822064057,
  "f1_macro": 0.4012614475319278,
  "kappa": 0.23920400703939348,
  "fold": 3,
  "test_subject": "A03T"
}