{
  "accuracy": 0.42857142857142855,
  "f1_macro": 0.39086907211758365,
  "kappa": 0.23884603622277356,
  "fold": 1,
  "test_subject": "A01T"
}