{
  "accuracy": 0.27075812274368233,
  "f1_macro": 0.1650537634408602,
  "kappa": 0.03232277813326889,
  "fold": 5,
  "test_subject": "A05T"
}