{
  "accuracy": 0.2713178294573643,
  "f1_macro": 0.2707360758026004,
  "kappa": 0.02543701024713696,
  "fold": 9,
  "test_subject": "A09T"
}