{
  "accuracy": 0.39568345323741005,
  "f1_macro": 0.38795966201768195,
  "kappa": 0.19450864061260398,
  "fold": 8,
  "test_subject": "A08T"
}