{
  "accuracy": 0.27898550724637683,
  "f1_macro": 0.2579472140762463,
  "kappa": 0.03950474791458991,
  "fold": 4,
  "test_subject": "A04T"
}