{
  "accuracy": 0.25357142857142856,
  "f1_macro": 0.21625563052533214,
  "kappa": 0.004863449307893841,
  "fold": 2,
  "test_subject": "A02T"
}