{
  "accuracy": 0.3225806451612903,
  "f1_macro": 0.2892339797677805,
  "kappa": 0.09699460570254304,
  "fold": 7,
  "test_subject": "A07T"
}