{
  "accuracy": 0.30824372759856633,
  "f1_macro": 0.23086327627652783,
  "kappa": 0.07698241283554441,
  "fold": 7,
  "test_subject": "A07T"
}